left_instance_id,right_instance_id
270345,1197344
36548,402143
812521,1033600
468467,649600
118025,725185
712728,938188
513302,937824
701577,841506
509110,524337
701429,1008271
131856,291464
243665,247053
247053,542235
247053,985446
247053,691545
247053,906236
247053,914152
247053,817262
88935,247053
247053,727785
243665,542235
243665,985446
243665,691545
243665,906236
243665,914152
243665,817262
88935,243665
243665,727785
542235,985446
542235,691545
542235,906236
542235,914152
542235,817262
88935,542235
542235,727785
691545,985446
906236,985446
914152,985446
817262,985446
88935,985446
727785,985446
691545,906236
691545,914152
691545,817262
88935,691545
691545,727785
906236,914152
817262,906236
88935,906236
727785,906236
817262,914152
88935,914152
727785,914152
88935,817262
727785,817262
88935,727785
120437,895801
241665,711083
96055,130738
950233,966706
950233,997928
155524,950233
966706,997928
155524,966706
155524,997928
61863,532786
240984,426426
800571,1196557
800571,872428
710617,800571
365094,800571
448738,800571
872428,1196557
710617,1196557
365094,1196557
448738,1196557
710617,872428
365094,872428
448738,872428
365094,710617
448738,710617
365094,448738
483874,1083469
836421,1125042
557958,814903
17366,240609
140248,1112363
297597,869337
75114,632627
492951,904995
556300,904995
289799,904995
492951,556300
289799,492951
289799,556300
615963,961197
417730,961197
769802,961197
417730,615963
615963,769802
417730,769802
157245,539330
525890,543254
727230,1099384
468636,715497
457119,927402
323542,460492
1150141,1222466
75903,1181675
26755,515467
26755,830821
26755,957221
515467,830821
515467,957221
830821,957221
764186,790457
43771,850410
62654,903959
669693,715604
297942,310848
52473,237357
741837,1174830
437644,1185988
28319,302098
544600,1121241
299003,1150811
874722,1101881
676415,799764
5068,947264
775269,933386
892226,1120111
440510,547756
957029,982719
103093,925823
18404,713104
174010,500133
573883,1218162
71655,573883
573883,627962
71655,1218162
627962,1218162
71655,627962
598515,702466
123819,702466
160327,702466
299623,702466
702466,874006
661562,702466
106450,702466
702466,1022957
123819,598515
160327,598515
299623,598515
598515,874006
598515,661562
106450,598515
598515,1022957
123819,160327
123819,299623
123819,874006
123819,661562
106450,123819
123819,1022957
160327,299623
160327,874006
160327,661562
106450,160327
160327,1022957
299623,874006
299623,661562
106450,299623
299623,1022957
661562,874006
106450,874006
874006,1022957
106450,661562
661562,1022957
106450,1022957
680488,750304
164521,999999
1000057,1195612
488226,1213120
746311,883020
259163,443308
173105,716877
89149,861536
62075,665105
149058,347435
486357,1140693
10448,1207994
10597,573419
121265,960993
96485,510820
752683,1182800
54555,298211
36103,865480
389296,822843
38657,552681
122043,446507
389254,496008
4946,192682
37195,496011
21073,392202
677825,734001
464547,498066
834317,980943
769155,1055067
31195,778023
179046,965119
704675,950160
350,907287
901759,907287
16302,907287
907287,975810
907287,997494
174083,907287
9468,907287
43002,907287
501235,907287
907287,938030
830924,907287
202194,907287
364218,907287
78707,907287
464065,907287
350,901759
350,16302
350,975810
350,997494
350,174083
350,9468
350,43002
350,501235
350,938030
350,830924
350,202194
350,364218
350,78707
350,464065
16302,901759
901759,975810
901759,997494
174083,901759
9468,901759
43002,901759
501235,901759
901759,938030
830924,901759
202194,901759
364218,901759
78707,901759
464065,901759
16302,975810
16302,997494
16302,174083
9468,16302
16302,43002
16302,501235
16302,938030
16302,830924
16302,202194
16302,364218
16302,78707
16302,464065
975810,997494
174083,975810
9468,975810
43002,975810
501235,975810
938030,975810
830924,975810
202194,975810
364218,975810
78707,975810
464065,975810
174083,997494
9468,997494
43002,997494
501235,997494
938030,997494
830924,997494
202194,997494
364218,997494
78707,997494
464065,997494
9468,174083
43002,174083
174083,501235
174083,938030
174083,830924
174083,202194
174083,364218
78707,174083
174083,464065
9468,43002
9468,501235
9468,938030
9468,830924
9468,202194
9468,364218
9468,78707
9468,464065
43002,501235
43002,938030
43002,830924
43002,202194
43002,364218
43002,78707
43002,464065
501235,938030
501235,830924
202194,501235
364218,501235
78707,501235
464065,501235
830924,938030
202194,938030
364218,938030
78707,938030
464065,938030
202194,830924
364218,830924
78707,830924
464065,830924
202194,364218
78707,202194
202194,464065
78707,364218
364218,464065
78707,464065
172425,985790
893401,985790
985790,1183075
172425,893401
172425,1183075
893401,1183075
197117,714655
795180,1043373
284669,575124
240452,911686
59990,687061
474256,568711
528131,1061016
79854,728442
96622,949526
640296,884994
380750,721161
287051,669717
557605,986333
903879,986333
295543,986333
557605,903879
295543,557605
295543,903879
300450,682133
193497,937147
87659,995662
406572,922086
200706,991935
582380,1158983
107983,724150
561697,724150
724150,1223154
107983,561697
107983,1223154
561697,1223154
482926,937289
527695,540493
176690,189372
187501,641086
78283,1141883
138251,1098727
223101,642089
149461,455097
396337,405584
157317,620200
497047,706287
59153,130417
370461,1110913
174724,202957
65468,1182794
32722,1185849
362407,1142674
2149,719416
157847,833213
788698,956854
964940,1059050
482454,1059050
1059050,1064627
1059050,1192325
482454,964940
964940,1064627
964940,1192325
482454,1064627
482454,1192325
1064627,1192325
157974,601560
720028,952697
463022,612012
100754,242469
619439,993739
184663,1191242
667684,1092459
667684,947551
556962,667684
947551,1092459
556962,1092459
556962,947551
184485,1133457
65431,797595
601099,684107
152683,347162
89057,843337
480983,946260
872539,1055887
185139,1152044
678058,996638
120301,284922
103957,777585
865892,1120601
244752,562970
694215,1161096
163850,378867
627249,1139542
458792,1204806
38229,590269
950787,980362
199300,279050
1014574,1033385
490010,1033385
1014370,1033385
286431,1033385
65094,1033385
490010,1014574
1014370,1014574
286431,1014574
65094,1014574
490010,1014370
286431,490010
65094,490010
286431,1014370
65094,1014370
65094,286431
14180,1164598
128308,796141
95906,928589
172152,1092817
144527,814820
401549,440753
340079,835961
557800,578637
183231,394432
39018,394432
394432,776338
39018,183231
183231,776338
39018,776338
570679,660122
154203,816918
335312,571343
779047,884988
148134,371944
9499,1126095
787351,1010992
72738,496037
99409,797248
563573,1056042
1050023,1095080
511436,558732
501616,1195212
152837,1037083
616706,1212158
400736,749143
310514,1130262
692334,1149773
372634,568351
437691,1162532
970273,1127759
333928,685773
180242,637958
594828,652261
729116,1131636
590021,1102175
166823,419680
266895,421608
824319,1082831
243255,695104
193089,722341
434022,960334
552680,568976
274800,545797
260599,1212452
485193,1041786
485193,878708
141485,485193
203377,485193
485193,977442
485193,918553
434374,485193
106380,485193
220952,485193
56896,485193
281751,485193
485193,975781
485193,839281
485193,1042017
485193,674226
485193,777397
244133,485193
485193,1179685
485193,823803
383406,485193
485193,504103
485193,503953
485193,653168
317339,485193
485193,596073
485193,1144370
315124,485193
301409,485193
246181,485193
878708,1041786
141485,1041786
203377,1041786
977442,1041786
918553,1041786
434374,1041786
106380,1041786
220952,1041786
56896,1041786
281751,1041786
975781,1041786
839281,1041786
1041786,1042017
674226,1041786
777397,1041786
244133,1041786
1041786,1179685
823803,1041786
383406,1041786
504103,1041786
503953,1041786
653168,1041786
317339,1041786
596073,1041786
1041786,1144370
315124,1041786
301409,1041786
246181,1041786
141485,878708
203377,878708
878708,977442
878708,918553
434374,878708
106380,878708
220952,878708
56896,878708
281751,878708
878708,975781
839281,878708
878708,1042017
674226,878708
777397,878708
244133,878708
878708,1179685
823803,878708
383406,878708
504103,878708
503953,878708
653168,878708
317339,878708
596073,878708
878708,1144370
315124,878708
301409,878708
246181,878708
141485,203377
141485,977442
141485,918553
141485,434374
106380,141485
141485,220952
56896,141485
141485,281751
141485,975781
141485,839281
141485,1042017
141485,674226
141485,777397
141485,244133
141485,1179685
141485,823803
141485,383406
141485,504103
141485,503953
141485,653168
141485,317339
141485,596073
141485,1144370
141485,315124
141485,301409
141485,246181
203377,977442
203377,918553
203377,434374
106380,203377
203377,220952
56896,203377
203377,281751
203377,975781
203377,839281
203377,1042017
203377,674226
203377,777397
203377,244133
203377,1179685
203377,823803
203377,383406
203377,504103
203377,503953
203377,653168
203377,317339
203377,596073
203377,1144370
203377,315124
203377,301409
203377,246181
918553,977442
434374,977442
106380,977442
220952,977442
56896,977442
281751,977442
975781,977442
839281,977442
977442,1042017
674226,977442
777397,977442
244133,977442
977442,1179685
823803,977442
383406,977442
504103,977442
503953,977442
653168,977442
317339,977442
596073,977442
977442,1144370
315124,977442
301409,977442
246181,977442
434374,918553
106380,918553
220952,918553
56896,918553
281751,918553
918553,975781
839281,918553
918553,1042017
674226,918553
777397,918553
244133,918553
918553,1179685
823803,918553
383406,918553
504103,918553
503953,918553
653168,918553
317339,918553
596073,918553
918553,1144370
315124,918553
301409,918553
246181,918553
106380,434374
220952,434374
56896,434374
281751,434374
434374,975781
434374,839281
434374,1042017
434374,674226
434374,777397
244133,434374
434374,1179685
434374,823803
383406,434374
434374,504103
434374,503953
434374,653168
317339,434374
434374,596073
434374,1144370
315124,434374
301409,434374
246181,434374
106380,220952
56896,106380
106380,281751
106380,975781
106380,839281
106380,1042017
106380,674226
106380,777397
106380,244133
106380,1179685
106380,823803
106380,383406
106380,504103
106380,503953
106380,653168
106380,317339
106380,596073
106380,1144370
106380,315124
106380,301409
106380,246181
56896,220952
220952,281751
220952,975781
220952,839281
220952,1042017
220952,674226
220952,777397
220952,244133
220952,1179685
220952,823803
220952,383406
220952,504103
220952,503953
220952,653168
220952,317339
220952,596073
220952,1144370
220952,315124
220952,301409
220952,246181
56896,281751
56896,975781
56896,839281
56896,1042017
56896,674226
56896,777397
56896,244133
56896,1179685
56896,823803
56896,383406
56896,504103
56896,503953
56896,653168
56896,317339
56896,596073
56896,1144370
56896,315124
56896,301409
56896,246181
281751,975781
281751,839281
281751,1042017
281751,674226
281751,777397
244133,281751
281751,1179685
281751,823803
281751,383406
281751,504103
281751,503953
281751,653168
281751,317339
281751,596073
281751,1144370
281751,315124
281751,301409
246181,281751
839281,975781
975781,1042017
674226,975781
777397,975781
244133,975781
975781,1179685
823803,975781
383406,975781
504103,975781
503953,975781
653168,975781
317339,975781
596073,975781
975781,1144370
315124,975781
301409,975781
246181,975781
839281,1042017
674226,839281
777397,839281
244133,839281
839281,1179685
823803,839281
383406,839281
504103,839281
503953,839281
653168,839281
317339,839281
596073,839281
839281,1144370
315124,839281
301409,839281
246181,839281
674226,1042017
777397,1042017
244133,1042017
1042017,1179685
823803,1042017
383406,1042017
504103,1042017
503953,1042017
653168,1042017
317339,1042017
596073,1042017
1042017,1144370
315124,1042017
301409,1042017
246181,1042017
674226,777397
244133,674226
674226,1179685
674226,823803
383406,674226
504103,674226
503953,674226
653168,674226
317339,674226
596073,674226
674226,1144370
315124,674226
301409,674226
246181,674226
244133,777397
777397,1179685
777397,823803
383406,777397
504103,777397
503953,777397
653168,777397
317339,777397
596073,777397
777397,1144370
315124,777397
301409,777397
246181,777397
244133,1179685
244133,823803
244133,383406
244133,504103
244133,503953
244133,653168
244133,317339
244133,596073
244133,1144370
244133,315124
244133,301409
244133,246181
823803,1179685
383406,1179685
504103,1179685
503953,1179685
653168,1179685
317339,1179685
596073,1179685
1144370,1179685
315124,1179685
301409,1179685
246181,1179685
383406,823803
504103,823803
503953,823803
653168,823803
317339,823803
596073,823803
823803,1144370
315124,823803
301409,823803
246181,823803
383406,504103
383406,503953
383406,653168
317339,383406
383406,596073
383406,1144370
315124,383406
301409,383406
246181,383406
503953,504103
504103,653168
317339,504103
504103,596073
504103,1144370
315124,504103
301409,504103
246181,504103
503953,653168
317339,503953
503953,596073
503953,1144370
315124,503953
301409,503953
246181,503953
317339,653168
596073,653168
653168,1144370
315124,653168
301409,653168
246181,653168
317339,596073
317339,1144370
315124,317339
301409,317339
246181,317339
596073,1144370
315124,596073
301409,596073
246181,596073
315124,1144370
301409,1144370
246181,1144370
301409,315124
246181,315124
246181,301409
753549,773674
773674,813048
640306,773674
730413,773674
773674,832970
773674,775729
773674,805337
331031,773674
418789,773674
64135,773674
78790,773674
660310,773674
598072,773674
773674,1024080
773674,1010776
773674,1139993
300930,773674
753549,813048
640306,753549
730413,753549
753549,832970
753549,775729
753549,805337
331031,753549
418789,753549
64135,753549
78790,753549
660310,753549
598072,753549
753549,1024080
753549,1010776
753549,1139993
300930,753549
640306,813048
730413,813048
813048,832970
775729,813048
805337,813048
331031,813048
418789,813048
64135,813048
78790,813048
660310,813048
598072,813048
813048,1024080
813048,1010776
813048,1139993
300930,813048
640306,730413
640306,832970
640306,775729
640306,805337
331031,640306
418789,640306
64135,640306
78790,640306
640306,660310
598072,640306
640306,1024080
640306,1010776
640306,1139993
300930,640306
730413,832970
730413,775729
730413,805337
331031,730413
418789,730413
64135,730413
78790,730413
660310,730413
598072,730413
730413,1024080
730413,1010776
730413,1139993
300930,730413
775729,832970
805337,832970
331031,832970
418789,832970
64135,832970
78790,832970
660310,832970
598072,832970
832970,1024080
832970,1010776
832970,1139993
300930,832970
775729,805337
331031,775729
418789,775729
64135,775729
78790,775729
660310,775729
598072,775729
775729,1024080
775729,1010776
775729,1139993
300930,775729
331031,805337
418789,805337
64135,805337
78790,805337
660310,805337
598072,805337
805337,1024080
805337,1010776
805337,1139993
300930,805337
331031,418789
64135,331031
78790,331031
331031,660310
331031,598072
331031,1024080
331031,1010776
331031,1139993
300930,331031
64135,418789
78790,418789
418789,660310
418789,598072
418789,1024080
418789,1010776
418789,1139993
300930,418789
64135,78790
64135,660310
64135,598072
64135,1024080
64135,1010776
64135,1139993
64135,300930
78790,660310
78790,598072
78790,1024080
78790,1010776
78790,1139993
78790,300930
598072,660310
660310,1024080
660310,1010776
660310,1139993
300930,660310
598072,1024080
598072,1010776
598072,1139993
300930,598072
1010776,1024080
1024080,1139993
300930,1024080
1010776,1139993
300930,1010776
300930,1139993
67839,703939
67839,519222
67839,884883
67839,249012
67839,1195748
67839,393759
67839,1014258
67839,871202
67839,591235
67839,665957
67839,783786
67839,1170343
67839,206865
67839,317033
67839,1200313
67839,78596
67839,412911
17565,67839
67839,345732
67839,595720
67839,246994
67839,225419
67839,1163520
67839,608062
67839,130458
67839,639978
519222,703939
703939,884883
249012,703939
703939,1195748
393759,703939
703939,1014258
703939,871202
591235,703939
665957,703939
703939,783786
703939,1170343
206865,703939
317033,703939
703939,1200313
78596,703939
412911,703939
17565,703939
345732,703939
595720,703939
246994,703939
225419,703939
703939,1163520
608062,703939
130458,703939
639978,703939
519222,884883
249012,519222
519222,1195748
393759,519222
519222,1014258
519222,871202
519222,591235
519222,665957
519222,783786
519222,1170343
206865,519222
317033,519222
519222,1200313
78596,519222
412911,519222
17565,519222
345732,519222
519222,595720
246994,519222
225419,519222
519222,1163520
519222,608062
130458,519222
519222,639978
249012,884883
884883,1195748
393759,884883
884883,1014258
871202,884883
591235,884883
665957,884883
783786,884883
884883,1170343
206865,884883
317033,884883
884883,1200313
78596,884883
412911,884883
17565,884883
345732,884883
595720,884883
246994,884883
225419,884883
884883,1163520
608062,884883
130458,884883
639978,884883
249012,1195748
249012,393759
249012,1014258
249012,871202
249012,591235
249012,665957
249012,783786
249012,1170343
206865,249012
249012,317033
249012,1200313
78596,249012
249012,412911
17565,249012
249012,345732
249012,595720
246994,249012
225419,249012
249012,1163520
249012,608062
130458,249012
249012,639978
393759,1195748
1014258,1195748
871202,1195748
591235,1195748
665957,1195748
783786,1195748
1170343,1195748
206865,1195748
317033,1195748
1195748,1200313
78596,1195748
412911,1195748
17565,1195748
345732,1195748
595720,1195748
246994,1195748
225419,1195748
1163520,1195748
608062,1195748
130458,1195748
639978,1195748
393759,1014258
393759,871202
393759,591235
393759,665957
393759,783786
393759,1170343
206865,393759
317033,393759
393759,1200313
78596,393759
393759,412911
17565,393759
345732,393759
393759,595720
246994,393759
225419,393759
393759,1163520
393759,608062
130458,393759
393759,639978
871202,1014258
591235,1014258
665957,1014258
783786,1014258
1014258,1170343
206865,1014258
317033,1014258
1014258,1200313
78596,1014258
412911,1014258
17565,1014258
345732,1014258
595720,1014258
246994,1014258
225419,1014258
1014258,1163520
608062,1014258
130458,1014258
639978,1014258
591235,871202
665957,871202
783786,871202
871202,1170343
206865,871202
317033,871202
871202,1200313
78596,871202
412911,871202
17565,871202
345732,871202
595720,871202
246994,871202
225419,871202
871202,1163520
608062,871202
130458,871202
639978,871202
591235,665957
591235,783786
591235,1170343
206865,591235
317033,591235
591235,1200313
78596,591235
412911,591235
17565,591235
345732,591235
591235,595720
246994,591235
225419,591235
591235,1163520
591235,608062
130458,591235
591235,639978
665957,783786
665957,1170343
206865,665957
317033,665957
665957,1200313
78596,665957
412911,665957
17565,665957
345732,665957
595720,665957
246994,665957
225419,665957
665957,1163520
608062,665957
130458,665957
639978,665957
783786,1170343
206865,783786
317033,783786
783786,1200313
78596,783786
412911,783786
17565,783786
345732,783786
595720,783786
246994,783786
225419,783786
783786,1163520
608062,783786
130458,783786
639978,783786
206865,1170343
317033,1170343
1170343,1200313
78596,1170343
412911,1170343
17565,1170343
345732,1170343
595720,1170343
246994,1170343
225419,1170343
1163520,1170343
608062,1170343
130458,1170343
639978,1170343
206865,317033
206865,1200313
78596,206865
206865,412911
17565,206865
206865,345732
206865,595720
206865,246994
206865,225419
206865,1163520
206865,608062
130458,206865
206865,639978
317033,1200313
78596,317033
317033,412911
17565,317033
317033,345732
317033,595720
246994,317033
225419,317033
317033,1163520
317033,608062
130458,317033
317033,639978
78596,1200313
412911,1200313
17565,1200313
345732,1200313
595720,1200313
246994,1200313
225419,1200313
1163520,1200313
608062,1200313
130458,1200313
639978,1200313
78596,412911
17565,78596
78596,345732
78596,595720
78596,246994
78596,225419
78596,1163520
78596,608062
78596,130458
78596,639978
17565,412911
345732,412911
412911,595720
246994,412911
225419,412911
412911,1163520
412911,608062
130458,412911
412911,639978
17565,345732
17565,595720
17565,246994
17565,225419
17565,1163520
17565,608062
17565,130458
17565,639978
345732,595720
246994,345732
225419,345732
345732,1163520
345732,608062
130458,345732
345732,639978
246994,595720
225419,595720
595720,1163520
595720,608062
130458,595720
595720,639978
225419,246994
246994,1163520
246994,608062
130458,246994
246994,639978
225419,1163520
225419,608062
130458,225419
225419,639978
608062,1163520
130458,1163520
639978,1163520
130458,608062
608062,639978
130458,639978
564059,977945
977945,1212563
269179,977945
886073,977945
867324,977945
600291,977945
738563,977945
538418,977945
565083,977945
67939,977945
977945,1191260
527144,977945
977945,1146586
413584,977945
927370,977945
689059,977945
817272,977945
400124,977945
43547,977945
10434,977945
765044,977945
564059,1212563
269179,564059
564059,886073
564059,867324
564059,600291
564059,738563
538418,564059
564059,565083
67939,564059
564059,1191260
527144,564059
564059,1146586
413584,564059
564059,927370
564059,689059
564059,817272
400124,564059
43547,564059
10434,564059
564059,765044
269179,1212563
886073,1212563
867324,1212563
600291,1212563
738563,1212563
538418,1212563
565083,1212563
67939,1212563
1191260,1212563
527144,1212563
1146586,1212563
413584,1212563
927370,1212563
689059,1212563
817272,1212563
400124,1212563
43547,1212563
10434,1212563
765044,1212563
269179,886073
269179,867324
269179,600291
269179,738563
269179,538418
269179,565083
67939,269179
269179,1191260
269179,527144
269179,1146586
269179,413584
269179,927370
269179,689059
269179,817272
269179,400124
43547,269179
10434,269179
269179,765044
867324,886073
600291,886073
738563,886073
538418,886073
565083,886073
67939,886073
886073,1191260
527144,886073
886073,1146586
413584,886073
886073,927370
689059,886073
817272,886073
400124,886073
43547,886073
10434,886073
765044,886073
600291,867324
738563,867324
538418,867324
565083,867324
67939,867324
867324,1191260
527144,867324
867324,1146586
413584,867324
867324,927370
689059,867324
817272,867324
400124,867324
43547,867324
10434,867324
765044,867324
600291,738563
538418,600291
565083,600291
67939,600291
600291,1191260
527144,600291
600291,1146586
413584,600291
600291,927370
600291,689059
600291,817272
400124,600291
43547,600291
10434,600291
600291,765044
538418,738563
565083,738563
67939,738563
738563,1191260
527144,738563
738563,1146586
413584,738563
738563,927370
689059,738563
738563,817272
400124,738563
43547,738563
10434,738563
738563,765044
538418,565083
67939,538418
538418,1191260
527144,538418
538418,1146586
413584,538418
538418,927370
538418,689059
538418,817272
400124,538418
43547,538418
10434,538418
538418,765044
67939,565083
565083,1191260
527144,565083
565083,1146586
413584,565083
565083,927370
565083,689059
565083,817272
400124,565083
43547,565083
10434,565083
565083,765044
67939,1191260
67939,527144
67939,1146586
67939,413584
67939,927370
67939,689059
67939,817272
67939,400124
43547,67939
10434,67939
67939,765044
527144,1191260
1146586,1191260
413584,1191260
927370,1191260
689059,1191260
817272,1191260
400124,1191260
43547,1191260
10434,1191260
765044,1191260
527144,1146586
413584,527144
527144,927370
527144,689059
527144,817272
400124,527144
43547,527144
10434,527144
527144,765044
413584,1146586
927370,1146586
689059,1146586
817272,1146586
400124,1146586
43547,1146586
10434,1146586
765044,1146586
413584,927370
413584,689059
413584,817272
400124,413584
43547,413584
10434,413584
413584,765044
689059,927370
817272,927370
400124,927370
43547,927370
10434,927370
765044,927370
689059,817272
400124,689059
43547,689059
10434,689059
689059,765044
400124,817272
43547,817272
10434,817272
765044,817272
43547,400124
10434,400124
400124,765044
10434,43547
43547,765044
10434,765044
76617,732934
76617,568114
76617,639640
76617,204975
76617,392281
76617,104977
76617,1083209
76617,579374
76617,611004
76617,626577
568114,732934
639640,732934
204975,732934
392281,732934
104977,732934
732934,1083209
579374,732934
611004,732934
626577,732934
568114,639640
204975,568114
392281,568114
104977,568114
568114,1083209
568114,579374
568114,611004
568114,626577
204975,639640
392281,639640
104977,639640
639640,1083209
579374,639640
611004,639640
626577,639640
204975,392281
104977,204975
204975,1083209
204975,579374
204975,611004
204975,626577
104977,392281
392281,1083209
392281,579374
392281,611004
392281,626577
104977,1083209
104977,579374
104977,611004
104977,626577
579374,1083209
611004,1083209
626577,1083209
579374,611004
579374,626577
611004,626577
306869,1134633
136104,1134633
136104,306869
41182,907337
41182,756475
756475,907337
707777,826955
826955,984141
282810,826955
826955,1101685
165007,826955
791724,826955
826955,1151303
698133,826955
826955,896453
826955,906707
695299,826955
459475,826955
826955,1073700
376435,826955
525270,826955
707777,984141
282810,707777
707777,1101685
165007,707777
707777,791724
707777,1151303
698133,707777
707777,896453
707777,906707
695299,707777
459475,707777
707777,1073700
376435,707777
525270,707777
282810,984141
984141,1101685
165007,984141
791724,984141
984141,1151303
698133,984141
896453,984141
906707,984141
695299,984141
459475,984141
984141,1073700
376435,984141
525270,984141
282810,1101685
165007,282810
282810,791724
282810,1151303
282810,698133
282810,896453
282810,906707
282810,695299
282810,459475
282810,1073700
282810,376435
282810,525270
165007,1101685
791724,1101685
1101685,1151303
698133,1101685
896453,1101685
906707,1101685
695299,1101685
459475,1101685
1073700,1101685
376435,1101685
525270,1101685
165007,791724
165007,1151303
165007,698133
165007,896453
165007,906707
165007,695299
165007,459475
165007,1073700
165007,376435
165007,525270
791724,1151303
698133,791724
791724,896453
791724,906707
695299,791724
459475,791724
791724,1073700
376435,791724
525270,791724
698133,1151303
896453,1151303
906707,1151303
695299,1151303
459475,1151303
1073700,1151303
376435,1151303
525270,1151303
698133,896453
698133,906707
695299,698133
459475,698133
698133,1073700
376435,698133
525270,698133
896453,906707
695299,896453
459475,896453
896453,1073700
376435,896453
525270,896453
695299,906707
459475,906707
906707,1073700
376435,906707
525270,906707
459475,695299
695299,1073700
376435,695299
525270,695299
459475,1073700
376435,459475
459475,525270
376435,1073700
525270,1073700
376435,525270
418025,427882
418025,683141
418025,967246
63351,418025
418025,726294
418025,543560
418025,617298
418025,539005
418025,1002305
328181,418025
427882,683141
427882,967246
63351,427882
427882,726294
427882,543560
427882,617298
427882,539005
427882,1002305
328181,427882
683141,967246
63351,683141
683141,726294
543560,683141
617298,683141
539005,683141
683141,1002305
328181,683141
63351,967246
726294,967246
543560,967246
617298,967246
539005,967246
967246,1002305
328181,967246
63351,726294
63351,543560
63351,617298
63351,539005
63351,1002305
63351,328181
543560,726294
617298,726294
539005,726294
726294,1002305
328181,726294
543560,617298
539005,543560
543560,1002305
328181,543560
539005,617298
617298,1002305
328181,617298
539005,1002305
328181,539005
328181,1002305
500039,716113
432286,716113
5585,716113
716113,975105
439649,716113
716113,953844
541098,716113
716113,840632
555407,716113
46334,716113
716113,769399
716113,923715
228806,716113
160698,716113
602914,716113
716113,787055
432286,500039
5585,500039
500039,975105
439649,500039
500039,953844
500039,541098
500039,840632
500039,555407
46334,500039
500039,769399
500039,923715
228806,500039
160698,500039
500039,602914
500039,787055
5585,432286
432286,975105
432286,439649
432286,953844
432286,541098
432286,840632
432286,555407
46334,432286
432286,769399
432286,923715
228806,432286
160698,432286
432286,602914
432286,787055
5585,975105
5585,439649
5585,953844
5585,541098
5585,840632
5585,555407
5585,46334
5585,769399
5585,923715
5585,228806
5585,160698
5585,602914
5585,787055
439649,975105
953844,975105
541098,975105
840632,975105
555407,975105
46334,975105
769399,975105
923715,975105
228806,975105
160698,975105
602914,975105
787055,975105
439649,953844
439649,541098
439649,840632
439649,555407
46334,439649
439649,769399
439649,923715
228806,439649
160698,439649
439649,602914
439649,787055
541098,953844
840632,953844
555407,953844
46334,953844
769399,953844
923715,953844
228806,953844
160698,953844
602914,953844
787055,953844
541098,840632
541098,555407
46334,541098
541098,769399
541098,923715
228806,541098
160698,541098
541098,602914
541098,787055
555407,840632
46334,840632
769399,840632
840632,923715
228806,840632
160698,840632
602914,840632
787055,840632
46334,555407
555407,769399
555407,923715
228806,555407
160698,555407
555407,602914
555407,787055
46334,769399
46334,923715
46334,228806
46334,160698
46334,602914
46334,787055
769399,923715
228806,769399
160698,769399
602914,769399
769399,787055
228806,923715
160698,923715
602914,923715
787055,923715
160698,228806
228806,602914
228806,787055
160698,602914
160698,787055
602914,787055
451162,930988
180669,1001436
535067,1001436
180669,535067
151611,764755
151611,201659
151611,410199
201659,764755
410199,764755
201659,410199
922697,1035512
144855,922697
429726,922697
604087,922697
922697,1054506
366473,922697
144855,1035512
429726,1035512
604087,1035512
1035512,1054506
366473,1035512
144855,429726
144855,604087
144855,1054506
144855,366473
429726,604087
429726,1054506
366473,429726
604087,1054506
366473,604087
366473,1054506
323095,484022
323095,400589
323095,777209
323095,951273
323095,1046485
323095,580720
400589,484022
484022,777209
484022,951273
484022,1046485
484022,580720
400589,777209
400589,951273
400589,1046485
400589,580720
777209,951273
777209,1046485
580720,777209
951273,1046485
580720,951273
580720,1046485
85149,933048
783266,933048
327240,933048
298498,933048
933048,1063126
933048,1028923
300302,933048
353187,933048
933048,1097340
665008,933048
251316,933048
27744,933048
933048,962676
933048,1176803
85149,783266
85149,327240
85149,298498
85149,1063126
85149,1028923
85149,300302
85149,353187
85149,1097340
85149,665008
85149,251316
27744,85149
85149,962676
85149,1176803
327240,783266
298498,783266
783266,1063126
783266,1028923
300302,783266
353187,783266
783266,1097340
665008,783266
251316,783266
27744,783266
783266,962676
783266,1176803
298498,327240
327240,1063126
327240,1028923
300302,327240
327240,353187
327240,1097340
327240,665008
251316,327240
27744,327240
327240,962676
327240,1176803
298498,1063126
298498,1028923
298498,300302
298498,353187
298498,1097340
298498,665008
251316,298498
27744,298498
298498,962676
298498,1176803
1028923,1063126
300302,1063126
353187,1063126
1063126,1097340
665008,1063126
251316,1063126
27744,1063126
962676,1063126
1063126,1176803
300302,1028923
353187,1028923
1028923,1097340
665008,1028923
251316,1028923
27744,1028923
962676,1028923
1028923,1176803
300302,353187
300302,1097340
300302,665008
251316,300302
27744,300302
300302,962676
300302,1176803
353187,1097340
353187,665008
251316,353187
27744,353187
353187,962676
353187,1176803
665008,1097340
251316,1097340
27744,1097340
962676,1097340
1097340,1176803
251316,665008
27744,665008
665008,962676
665008,1176803
27744,251316
251316,962676
251316,1176803
27744,962676
27744,1176803
962676,1176803
291431,1082577
291431,572601
291431,859218
572601,1082577
859218,1082577
572601,859218
536385,651055
536385,1132226
310482,536385
536385,1023494
536385,1059128
536385,1199587
269359,536385
300147,536385
536385,728794
506713,536385
480511,536385
651055,1132226
310482,651055
651055,1023494
651055,1059128
651055,1199587
269359,651055
300147,651055
651055,728794
506713,651055
480511,651055
310482,1132226
1023494,1132226
1059128,1132226
1132226,1199587
269359,1132226
300147,1132226
728794,1132226
506713,1132226
480511,1132226
310482,1023494
310482,1059128
310482,1199587
269359,310482
300147,310482
310482,728794
310482,506713
310482,480511
1023494,1059128
1023494,1199587
269359,1023494
300147,1023494
728794,1023494
506713,1023494
480511,1023494
1059128,1199587
269359,1059128
300147,1059128
728794,1059128
506713,1059128
480511,1059128
269359,1199587
300147,1199587
728794,1199587
506713,1199587
480511,1199587
269359,300147
269359,728794
269359,506713
269359,480511
300147,728794
300147,506713
300147,480511
506713,728794
480511,728794
480511,506713
313690,602209
1030861,1085479
126795,223600
453128,995423
84805,769297
383389,1133820
481783,1101957
178591,1013285
1170390,1194611
645411,1194611
645411,1170390
114795,252998
252998,684150
252998,1116508
252998,1150825
101297,252998
252998,382314
252998,1159599
252998,759102
252998,294199
114795,684150
114795,1116508
114795,1150825
101297,114795
114795,382314
114795,1159599
114795,759102
114795,294199
684150,1116508
684150,1150825
101297,684150
382314,684150
684150,1159599
684150,759102
294199,684150
1116508,1150825
101297,1116508
382314,1116508
1116508,1159599
759102,1116508
294199,1116508
101297,1150825
382314,1150825
1150825,1159599
759102,1150825
294199,1150825
101297,382314
101297,1159599
101297,759102
101297,294199
382314,1159599
382314,759102
294199,382314
759102,1159599
294199,1159599
294199,759102
2602,983230
80583,450904
652,839462
919725,943080
58464,1045401
58464,411834
58464,86260
58464,1215923
58464,331838
58464,651639
58464,932075
58464,1013658
15001,58464
58464,981129
411834,1045401
86260,1045401
1045401,1215923
331838,1045401
651639,1045401
932075,1045401
1013658,1045401
15001,1045401
981129,1045401
86260,411834
411834,1215923
331838,411834
411834,651639
411834,932075
411834,1013658
15001,411834
411834,981129
86260,1215923
86260,331838
86260,651639
86260,932075
86260,1013658
15001,86260
86260,981129
331838,1215923
651639,1215923
932075,1215923
1013658,1215923
15001,1215923
981129,1215923
331838,651639
331838,932075
331838,1013658
15001,331838
331838,981129
651639,932075
651639,1013658
15001,651639
651639,981129
932075,1013658
15001,932075
932075,981129
15001,1013658
981129,1013658
15001,981129
9664,408600
75266,179921
20431,1115774
159600,370318
900016,1165132
272241,469554
420447,927616
177572,698640
92945,585622
805694,838524
12242,981309
127660,383074
175317,1032600
767767,1032600
175317,767767
385194,1023641
784920,1023641
716413,1023641
26253,1023641
881521,1023641
480731,1023641
578118,1023641
1023641,1113291
406425,1023641
385194,784920
385194,716413
26253,385194
385194,881521
385194,480731
385194,578118
385194,1113291
385194,406425
716413,784920
26253,784920
784920,881521
480731,784920
578118,784920
784920,1113291
406425,784920
26253,716413
716413,881521
480731,716413
578118,716413
716413,1113291
406425,716413
26253,881521
26253,480731
26253,578118
26253,1113291
26253,406425
480731,881521
578118,881521
881521,1113291
406425,881521
480731,578118
480731,1113291
406425,480731
578118,1113291
406425,578118
406425,1113291
988586,1147313
74573,953269
912047,953269
953269,1141787
953269,1021375
725704,953269
74573,912047
74573,1141787
74573,1021375
74573,725704
912047,1141787
912047,1021375
725704,912047
1021375,1141787
725704,1141787
725704,1021375
402356,1004420
271364,657437
216431,508994
662387,927060
337254,997429
828791,1037962
47226,656831
702572,1123928
45623,702572
506338,702572
45623,1123928
506338,1123928
45623,506338
888082,927759
698653,872089
407072,469487
101197,1175055
43887,381188
348909,633806
290462,887913
39516,101601
200629,233180
400541,1200304
49042,103475
300972,1054717
547165,686592
122978,1016133
32667,843907
84775,385484
475997,657242
158102,1126053
232532,841563
126196,793893
57132,1027388
864817,965327
923409,1151707
251063,941749
286888,1008198
114889,135888
135888,664701
135888,137881
114889,664701
114889,137881
137881,664701
270157,281313
799929,1035107
786668,1015253
482207,1180048
717060,1065376
39844,1185001
859941,1196506
41532,602555
992749,1139304
567754,664181
353502,656148
345173,1181214
136639,1033634
182052,896937
634335,1093466
224952,890759
184570,275791
394389,927892
492859,749709
407680,1025390
163600,1025390
163600,407680
9725,1047372
842394,927706
343554,567790
391832,1156663
468558,487247
479324,1165063
833113,1103227
117629,551742
441620,866837
290577,743015
202561,1167886
668460,917013
654519,1187888
1515,1168566
1515,884166
1515,1147038
1515,584871
1515,823878
884166,1168566
1147038,1168566
584871,1168566
823878,1168566
884166,1147038
584871,884166
823878,884166
584871,1147038
823878,1147038
584871,823878
388352,1020495
1020495,1202333
110551,1020495
388352,1202333
110551,388352
110551,1202333
897123,1055899
372684,891325
150031,915531
592549,901116
443797,565684
898641,944400
944400,1040368
621640,944400
898641,1040368
621640,898641
621640,1040368
628213,1059233
843286,1001047
337675,723674
186384,791068
813521,908878
78086,609608
823719,970141
293290,953811
295236,618855
734379,1065420
389770,852468
947134,1213845
1083329,1120420
159489,579522
1113411,1134987
845714,991703
972646,1115465
960590,1104937
51994,1136875
98098,802292
220403,1212467
35835,197963
598082,703113
250668,696910
1114862,1164020
532339,967804
366864,1140698
257037,555485
36005,1195899
743096,1097190
162881,1079608
757934,778474
639686,732897
418570,937553
85082,623853
623853,1174020
166396,623853
21529,623853
85082,1174020
85082,166396
21529,85082
166396,1174020
21529,1174020
21529,166396
128045,910630
519590,1181097
987234,1033663
122627,1033663
420150,1033663
236010,1033663
741654,1033663
122627,987234
420150,987234
236010,987234
741654,987234
122627,420150
122627,236010
122627,741654
236010,420150
420150,741654
236010,741654
341658,403534
887083,900555
219145,658525
326163,994595
774273,1079385
5560,570242
423218,1195862
333667,728140
161683,1120366
106753,334978
8526,638571
15321,549235
158644,1188396
811675,1000678
954611,1082248
12950,954611
351669,954611
12950,1082248
351669,1082248
12950,351669
558177,789296
52006,501236
818899,870265
870265,1009541
561648,870265
332943,870265
240040,870265
863209,870265
856092,870265
767885,870265
718183,870265
497951,870265
818899,1009541
561648,818899
332943,818899
240040,818899
818899,863209
818899,856092
767885,818899
718183,818899
497951,818899
561648,1009541
332943,1009541
240040,1009541
863209,1009541
856092,1009541
767885,1009541
718183,1009541
497951,1009541
332943,561648
240040,561648
561648,863209
561648,856092
561648,767885
561648,718183
497951,561648
240040,332943
332943,863209
332943,856092
332943,767885
332943,718183
332943,497951
240040,863209
240040,856092
240040,767885
240040,718183
240040,497951
856092,863209
767885,863209
718183,863209
497951,863209
767885,856092
718183,856092
497951,856092
718183,767885
497951,767885
497951,718183
177740,936133
2376,135117
526962,978176
424865,479637
816931,900995
816931,840957
840957,900995
113175,999224
371364,983468
422358,1115088
256971,757548
639717,1215602
262069,992401
262069,613184
262069,277082
613184,992401
277082,992401
277082,613184
271947,877788
776267,1192371
182801,1164767
206560,980361
752870,1197820
641362,1157004
935908,989523
731263,949166
997206,1030741
527221,952478
1068717,1190080
700490,1113398
396084,840058
840058,863232
212242,840058
396084,863232
212242,396084
212242,863232
245194,1003757
245194,736632
736632,1003757
389279,807660
389279,774885
389279,401077
774885,807660
401077,807660
401077,774885
185343,1023159
626976,915589
276727,1146173
1073224,1158716
127214,262399
127214,303592
127214,921873
262399,303592
262399,921873
303592,921873
57547,1134822
554231,789530
502519,696428
593629,696428
696428,925252
502519,593629
502519,925252
593629,925252
183779,467117
437571,868755
647846,868755
868755,889939
868755,1008434
85073,868755
72805,868755
868755,1083324
868755,1165334
868755,1199506
108687,868755
868755,898454
258901,868755
734263,868755
868755,1170854
437571,647846
437571,889939
437571,1008434
85073,437571
72805,437571
437571,1083324
437571,1165334
437571,1199506
108687,437571
437571,898454
258901,437571
437571,734263
437571,1170854
647846,889939
647846,1008434
85073,647846
72805,647846
647846,1083324
647846,1165334
647846,1199506
108687,647846
647846,898454
258901,647846
647846,734263
647846,1170854
889939,1008434
85073,889939
72805,889939
889939,1083324
889939,1165334
889939,1199506
108687,889939
889939,898454
258901,889939
734263,889939
889939,1170854
85073,1008434
72805,1008434
1008434,1083324
1008434,1165334
1008434,1199506
108687,1008434
898454,1008434
258901,1008434
734263,1008434
1008434,1170854
72805,85073
85073,1083324
85073,1165334
85073,1199506
85073,108687
85073,898454
85073,258901
85073,734263
85073,1170854
72805,1083324
72805,1165334
72805,1199506
72805,108687
72805,898454
72805,258901
72805,734263
72805,1170854
1083324,1165334
1083324,1199506
108687,1083324
898454,1083324
258901,1083324
734263,1083324
1083324,1170854
1165334,1199506
108687,1165334
898454,1165334
258901,1165334
734263,1165334
1165334,1170854
108687,1199506
898454,1199506
258901,1199506
734263,1199506
1170854,1199506
108687,898454
108687,258901
108687,734263
108687,1170854
258901,898454
734263,898454
898454,1170854
258901,734263
258901,1170854
734263,1170854
252203,943022
943022,1158280
255274,943022
943022,1163085
774118,943022
252203,1158280
252203,255274
252203,1163085
252203,774118
255274,1158280
1158280,1163085
774118,1158280
255274,1163085
255274,774118
774118,1163085
894089,1035563
51274,545219
321927,346220
707293,801209
39933,887661
191371,923186
12315,134271
792977,793360
859066,1193246
465818,1088097
1081472,1083348
559035,954288
224186,401556
694917,1007779
406247,958643
35637,406247
406247,510180
35637,958643
510180,958643
35637,510180
486154,745880
69200,262620
477299,934452
934452,1025400
174679,934452
934452,982737
494677,934452
716008,934452
934452,1079550
477299,1025400
174679,477299
477299,982737
477299,494677
477299,716008
477299,1079550
174679,1025400
982737,1025400
494677,1025400
716008,1025400
1025400,1079550
174679,982737
174679,494677
174679,716008
174679,1079550
494677,982737
716008,982737
982737,1079550
494677,716008
494677,1079550
716008,1079550
639592,1188973
647975,1036598
259842,1082366
690871,722231
594193,722231
722231,1184108
594193,690871
690871,1184108
594193,1184108
944475,978475
855597,944475
792321,944475
472984,944475
855597,978475
792321,978475
472984,978475
792321,855597
472984,855597
472984,792321
468521,1216934
120541,739890
560821,739890
340426,739890
268660,739890
739890,957824
120541,560821
120541,340426
120541,268660
120541,957824
340426,560821
268660,560821
560821,957824
268660,340426
340426,957824
268660,957824
379900,488911
478409,1199884
294893,1101042
159134,284046
1143763,1207770
63975,1063755
361468,368813
51871,421582
462342,711741
399015,1177698
190234,377089
486705,1130803
217610,1171854
394970,694312
694312,977821
694312,999824
596474,694312
694312,697210
394970,977821
394970,999824
394970,596474
394970,697210
977821,999824
596474,977821
697210,977821
596474,999824
697210,999824
596474,697210
849705,928300
162236,474985
453498,474985
162236,453498
324032,388457
774142,1103267
774142,1212161
1103267,1212161
390640,980490
194519,1220321
709355,728258
571505,807527
20874,571505
20874,807527
360898,1162547
626459,1030651
224339,688746
377489,451771
29375,1009159
230926,285983
795487,928064
34396,484332
117055,844933
722227,808999
378349,963759
55568,305127
55568,316167
55568,270197
305127,316167
270197,305127
270197,316167
48934,936204
428569,693615
762732,1126098
197508,604476
697711,739337
585300,696136
677261,727834
722520,1115364
323452,943450
354546,1191811
230946,715352
871124,988793
512778,980494
679470,1192833
827147,1053882
89391,406887
96558,555161
243199,309265
162979,767524
564505,809333
759493,808540
25553,808540
808540,968212
156659,808540
381012,808540
25553,759493
759493,968212
156659,759493
381012,759493
25553,968212
25553,156659
25553,381012
156659,968212
381012,968212
156659,381012
1440,898548
673197,972906
250049,255837
889198,921922
365405,709857
367363,433917
794998,998816
987697,1188342
701176,959371
158784,173012
158784,348324
46256,158784
173012,348324
46256,173012
46256,348324
82933,1053797
651208,1110238
160394,317491
399593,489783
142264,206565
690701,703698
183014,261906
32434,406086
294792,684957
295250,1158271
41434,140673
41434,582449
17743,41434
41434,378951
140673,582449
17743,140673
140673,378951
17743,582449
378951,582449
17743,378951
344706,475036
647905,908005
599617,1199744
272868,866724
813943,860984
314348,813943
658877,813943
314348,860984
658877,860984
314348,658877
935977,1077367
1034750,1144599
643210,727705
86282,898744
692449,947686
41451,430901
75909,525700
776117,793979
229227,548555
680696,684716
624776,1188942
150734,605123
64172,246638
63079,624139
149517,465662
110486,775284
54240,145821
641641,827382
618417,936634
284379,637340
55791,679522
40544,511447
205818,338594
720053,1192492
1165852,1180742
642780,851709
216359,763217
703998,1197442
61819,640612
234965,990433
763662,981156
531722,1116734
781468,1002973
486656,964127
480850,1184158
253557,914304
767249,906586
23576,118703
275244,1088813
